DATE,INSTRUMENT,UNDERLYING,EXPIRY DATE,MTM SETTLEMENT PRICE
05-JAN-2017,FUTIDX,BANKNIFTY,25-JAN-2017,18137.50
05-JAN-2017,FUTIDX,BANKNIFTY,23-FEB-2017,18209.85
05-JAN-2017,FUTIDX,BANKNIFTY,30-MAR-2017,18267.60
05-JAN-2017,FUTIDX,DJIA,20-JAN-2017,19885.00
05-JAN-2017,FUTIDX,DJIA,17-FEB-2017,20097.50
05-JAN-2017,FUTIDX,DJIA,17-MAR-2017,20200.00
05-JAN-2017,FUTIDX,DJIA,16-JUN-2017,20532.50
05-JAN-2017,FUTIDX,DJIA,15-SEP-2017,20870.00
05-JAN-2017,FUTIDX,DJIA,15-DEC-2017,21212.50
05-JAN-2017,FUTIDX,FTSE100,20-JAN-2017,7209.00
05-JAN-2017,FUTIDX,FTSE100,17-FEB-2017,7246.00
05-JAN-2017,FUTIDX,FTSE100,17-MAR-2017,7282.00
05-JAN-2017,FUTIDX,FTSE100,16-JUN-2017,7402.00
05-JAN-2017,FUTIDX,FTSE100,15-SEP-2017,7524.00
05-JAN-2017,FUTIDX,FTSE100,15-DEC-2017,7648.00
05-JAN-2017,FUTIDX,NIFTY,25-JAN-2017,8288.20
05-JAN-2017,FUTIDX,NIFTY,23-FEB-2017,8312.95
05-JAN-2017,FUTIDX,NIFTY,30-MAR-2017,8339.60
05-JAN-2017,FUTIDX,NIFTYCPSE,25-JAN-2017,2431.65
05-JAN-2017,FUTIDX,NIFTYCPSE,23-FEB-2017,2468.40
05-JAN-2017,FUTIDX,NIFTYCPSE,30-MAR-2017,2483.95
05-JAN-2017,FUTIDX,NIFTYINFRA,25-JAN-2017,2817.00
05-JAN-2017,FUTIDX,NIFTYINFRA,23-FEB-2017,2831.90
05-JAN-2017,FUTIDX,NIFTYINFRA,30-MAR-2017,2849.75
05-JAN-2017,FUTIDX,NIFTYIT,25-JAN-2017,10419.00
05-JAN-2017,FUTIDX,NIFTYIT,23-FEB-2017,10492.00
05-JAN-2017,FUTIDX,NIFTYIT,30-MAR-2017,10558.00
05-JAN-2017,FUTIDX,NIFTYMID50,25-JAN-2017,3792.45
05-JAN-2017,FUTIDX,NIFTYMID50,23-FEB-2017,3812.50
05-JAN-2017,FUTIDX,NIFTYMID50,30-MAR-2017,3836.50
05-JAN-2017,FUTIDX,NIFTYPSE,25-JAN-2017,3863.85
05-JAN-2017,FUTIDX,NIFTYPSE,23-FEB-2017,3884.30
05-JAN-2017,FUTIDX,NIFTYPSE,30-MAR-2017,3908.75
05-JAN-2017,FUTIDX,S&P500,20-JAN-2017,2265.25
05-JAN-2017,FUTIDX,S&P500,17-FEB-2017,2288.50
05-JAN-2017,FUTIDX,S&P500,17-MAR-2017,2300.00
05-JAN-2017,FUTIDX,S&P500,16-JUN-2017,2337.75
05-JAN-2017,FUTIDX,S&P500,15-SEP-2017,2376.25
05-JAN-2017,FUTIDX,S&P500,15-DEC-2017,2415.50
05-JAN-2017,FUTIVX,INDIAVIX,10-JAN-2017,1506.50
05-JAN-2017,FUTIVX,INDIAVIX,17-JAN-2017,1509.25
05-JAN-2017,FUTIVX,INDIAVIX,24-JAN-2017,1512.00
05-JAN-2017,FUTSTK,ABIRLANUVO,25-JAN-2017,1294.85
05-JAN-2017,FUTSTK,ABIRLANUVO,23-FEB-2017,1303.40
05-JAN-2017,FUTSTK,ABIRLANUVO,30-MAR-2017,1311.60
05-JAN-2017,FUTSTK,ACC,25-JAN-2017,1337.35
05-JAN-2017,FUTSTK,ACC,23-FEB-2017,1344.65
05-JAN-2017,FUTSTK,ACC,30-MAR-2017,1353.10
05-JAN-2017,FUTSTK,ADANIENT,25-JAN-2017,79.55
05-JAN-2017,FUTSTK,ADANIENT,23-FEB-2017,79.85
05-JAN-2017,FUTSTK,ADANIENT,30-MAR-2017,80.35
05-JAN-2017,FUTSTK,ADANIPORTS,25-JAN-2017,287.45
05-JAN-2017,FUTSTK,ADANIPORTS,23-FEB-2017,288.05
05-JAN-2017,FUTSTK,ADANIPORTS,30-MAR-2017,291.90
05-JAN-2017,FUTSTK,ADANIPOWER,25-JAN-2017,32.75
05-JAN-2017,FUTSTK,ADANIPOWER,23-FEB-2017,32.85
05-JAN-2017,FUTSTK,ADANIPOWER,30-MAR-2017,33.10
05-JAN-2017,FUTSTK,AJANTPHARM,25-JAN-2017,1795.70
05-JAN-2017,FUTSTK,AJANTPHARM,23-FEB-2017,1805.05
05-JAN-2017,FUTSTK,AJANTPHARM,30-MAR-2017,1816.45
05-JAN-2017,FUTSTK,ALBK,25-JAN-2017,62.95
05-JAN-2017,FUTSTK,ALBK,23-FEB-2017,63.65
05-JAN-2017,FUTSTK,ALBK,30-MAR-2017,64.05
05-JAN-2017,FUTSTK,AMARAJABAT,25-JAN-2017,918.25
05-JAN-2017,FUTSTK,AMARAJABAT,23-FEB-2017,928.65
05-JAN-2017,FUTSTK,AMARAJABAT,30-MAR-2017,934.50
05-JAN-2017,FUTSTK,AMBUJACEM,25-JAN-2017,214.95
05-JAN-2017,FUTSTK,AMBUJACEM,23-FEB-2017,216.25
05-JAN-2017,FUTSTK,AMBUJACEM,30-MAR-2017,217.65
05-JAN-2017,FUTSTK,ANDHRABANK,25-JAN-2017,48.40
05-JAN-2017,FUTSTK,ANDHRABANK,23-FEB-2017,48.70
05-JAN-2017,FUTSTK,ANDHRABANK,30-MAR-2017,49.00
05-JAN-2017,FUTSTK,APOLLOHOSP,25-JAN-2017,1212.05
05-JAN-2017,FUTSTK,APOLLOHOSP,23-FEB-2017,1217.95
05-JAN-2017,FUTSTK,APOLLOHOSP,30-MAR-2017,1225.60
05-JAN-2017,FUTSTK,APOLLOTYRE,25-JAN-2017,188.60
05-JAN-2017,FUTSTK,APOLLOTYRE,23-FEB-2017,189.40
05-JAN-2017,FUTSTK,APOLLOTYRE,30-MAR-2017,190.55
05-JAN-2017,FUTSTK,ARVIND,25-JAN-2017,365.80
05-JAN-2017,FUTSTK,ARVIND,23-FEB-2017,368.95
05-JAN-2017,FUTSTK,ARVIND,30-MAR-2017,371.25
05-JAN-2017,FUTSTK,ASHOKLEY,25-JAN-2017,84.35
05-JAN-2017,FUTSTK,ASHOKLEY,23-FEB-2017,84.55
05-JAN-2017,FUTSTK,ASHOKLEY,30-MAR-2017,85.25
05-JAN-2017,FUTSTK,ASIANPAINT,25-JAN-2017,918.55
05-JAN-2017,FUTSTK,ASIANPAINT,23-FEB-2017,924.60
05-JAN-2017,FUTSTK,ASIANPAINT,30-MAR-2017,930.45
05-JAN-2017,FUTSTK,AUROPHARMA,25-JAN-2017,686.30
05-JAN-2017,FUTSTK,AUROPHARMA,23-FEB-2017,689.45
05-JAN-2017,FUTSTK,AUROPHARMA,30-MAR-2017,696.70
05-JAN-2017,FUTSTK,AXISBANK,25-JAN-2017,458.75
05-JAN-2017,FUTSTK,AXISBANK,23-FEB-2017,460.40
05-JAN-2017,FUTSTK,AXISBANK,30-MAR-2017,461.90
05-JAN-2017,FUTSTK,BAJAJ-AUTO,25-JAN-2017,2726.65
05-JAN-2017,FUTSTK,BAJAJ-AUTO,23-FEB-2017,2737.55
05-JAN-2017,FUTSTK,BAJAJ-AUTO,30-MAR-2017,2764.75
05-JAN-2017,FUTSTK,BAJFINANCE,25-JAN-2017,895.50
05-JAN-2017,FUTSTK,BAJFINANCE,23-FEB-2017,894.60
05-JAN-2017,FUTSTK,BAJFINANCE,30-MAR-2017,913.45
05-JAN-2017,FUTSTK,BANKBARODA,25-JAN-2017,151.30
05-JAN-2017,FUTSTK,BANKBARODA,23-FEB-2017,151.35
05-JAN-2017,FUTSTK,BANKBARODA,30-MAR-2017,153.25
05-JAN-2017,FUTSTK,BANKINDIA,25-JAN-2017,109.35
05-JAN-2017,FUTSTK,BANKINDIA,23-FEB-2017,110.55
05-JAN-2017,FUTSTK,BANKINDIA,30-MAR-2017,111.25
05-JAN-2017,FUTSTK,BATAINDIA,25-JAN-2017,468.00
05-JAN-2017,FUTSTK,BATAINDIA,23-FEB-2017,464.45
05-JAN-2017,FUTSTK,BATAINDIA,30-MAR-2017,477.55
05-JAN-2017,FUTSTK,BEL,25-JAN-2017,1434.50
05-JAN-2017,FUTSTK,BEL,23-FEB-2017,1444.40
05-JAN-2017,FUTSTK,BEL,30-MAR-2017,1453.50
05-JAN-2017,FUTSTK,BEML,25-JAN-2017,1003.50
05-JAN-2017,FUTSTK,BEML,23-FEB-2017,1010.45
05-JAN-2017,FUTSTK,BEML,30-MAR-2017,1016.85
05-JAN-2017,FUTSTK,BHARATFIN,25-JAN-2017,640.05
05-JAN-2017,FUTSTK,BHARATFIN,23-FEB-2017,641.70
05-JAN-2017,FUTSTK,BHARATFIN,30-MAR-2017,647.25
05-JAN-2017,FUTSTK,BHARATFORG,25-JAN-2017,925.50
05-JAN-2017,FUTSTK,BHARATFORG,23-FEB-2017,926.30
05-JAN-2017,FUTSTK,BHARATFORG,30-MAR-2017,936.40
05-JAN-2017,FUTSTK,BHARTIARTL,25-JAN-2017,320.70
05-JAN-2017,FUTSTK,BHARTIARTL,23-FEB-2017,319.95
05-JAN-2017,FUTSTK,BHARTIARTL,30-MAR-2017,326.00
05-JAN-2017,FUTSTK,BHEL,25-JAN-2017,128.25
05-JAN-2017,FUTSTK,BHEL,23-FEB-2017,128.30
05-JAN-2017,FUTSTK,BHEL,30-MAR-2017,129.90
05-JAN-2017,FUTSTK,BIOCON,25-JAN-2017,950.10
05-JAN-2017,FUTSTK,BIOCON,23-FEB-2017,954.20
05-JAN-2017,FUTSTK,BIOCON,30-MAR-2017,960.60
05-JAN-2017,FUTSTK,BOSCHLTD,25-JAN-2017,20982.10
05-JAN-2017,FUTSTK,BOSCHLTD,23-FEB-2017,21088.45
05-JAN-2017,FUTSTK,BOSCHLTD,30-MAR-2017,21221.30
05-JAN-2017,FUTSTK,BPCL,25-JAN-2017,664.15
05-JAN-2017,FUTSTK,BPCL,23-FEB-2017,660.25
05-JAN-2017,FUTSTK,BPCL,30-MAR-2017,682.95
05-JAN-2017,FUTSTK,BRITANNIA,25-JAN-2017,2873.60
05-JAN-2017,FUTSTK,BRITANNIA,23-FEB-2017,2891.15
05-JAN-2017,FUTSTK,BRITANNIA,30-MAR-2017,2909.35
05-JAN-2017,FUTSTK,CADILAHC,25-JAN-2017,367.45
05-JAN-2017,FUTSTK,CADILAHC,23-FEB-2017,368.90
05-JAN-2017,FUTSTK,CADILAHC,30-MAR-2017,372.70
05-JAN-2017,FUTSTK,CAIRN,25-JAN-2017,254.60
05-JAN-2017,FUTSTK,CAIRN,23-FEB-2017,255.00
05-JAN-2017,FUTSTK,CAIRN,30-MAR-2017,258.00
05-JAN-2017,FUTSTK,CANBK,25-JAN-2017,265.25
05-JAN-2017,FUTSTK,CANBK,23-FEB-2017,263.35
05-JAN-2017,FUTSTK,CANBK,30-MAR-2017,263.40
05-JAN-2017,FUTSTK,CASTROLIND,25-JAN-2017,392.20
05-JAN-2017,FUTSTK,CASTROLIND,23-FEB-2017,395.00
05-JAN-2017,FUTSTK,CASTROLIND,30-MAR-2017,397.45
05-JAN-2017,FUTSTK,CEATLTD,25-JAN-2017,1196.20
05-JAN-2017,FUTSTK,CEATLTD,23-FEB-2017,1196.50
05-JAN-2017,FUTSTK,CEATLTD,30-MAR-2017,1190.00
05-JAN-2017,FUTSTK,CENTURYTEX,25-JAN-2017,840.00
05-JAN-2017,FUTSTK,CENTURYTEX,23-FEB-2017,843.80
05-JAN-2017,FUTSTK,CENTURYTEX,30-MAR-2017,849.60
05-JAN-2017,FUTSTK,CESC,25-JAN-2017,649.95
05-JAN-2017,FUTSTK,CESC,23-FEB-2017,652.95
05-JAN-2017,FUTSTK,CESC,30-MAR-2017,657.05
05-JAN-2017,FUTSTK,CIPLA,25-JAN-2017,581.45
05-JAN-2017,FUTSTK,CIPLA,23-FEB-2017,585.00
05-JAN-2017,FUTSTK,CIPLA,30-MAR-2017,588.70
05-JAN-2017,FUTSTK,COALINDIA,25-JAN-2017,305.10
05-JAN-2017,FUTSTK,COALINDIA,23-FEB-2017,300.10
05-JAN-2017,FUTSTK,COALINDIA,30-MAR-2017,296.55
05-JAN-2017,FUTSTK,COLPAL,25-JAN-2017,901.45
05-JAN-2017,FUTSTK,COLPAL,23-FEB-2017,906.60
05-JAN-2017,FUTSTK,COLPAL,30-MAR-2017,912.30
05-JAN-2017,FUTSTK,CONCOR,25-JAN-2017,1174.40
05-JAN-2017,FUTSTK,CONCOR,23-FEB-2017,1168.90
05-JAN-2017,FUTSTK,CONCOR,30-MAR-2017,1192.15
05-JAN-2017,FUTSTK,CROMPGREAV,25-JAN-2017,61.75
05-JAN-2017,FUTSTK,CROMPGREAV,23-FEB-2017,62.00
05-JAN-2017,FUTSTK,CROMPGREAV,30-MAR-2017,62.90
05-JAN-2017,FUTSTK,CUMMINSIND,25-JAN-2017,817.40
05-JAN-2017,FUTSTK,CUMMINSIND,23-FEB-2017,822.05
05-JAN-2017,FUTSTK,CUMMINSIND,30-MAR-2017,827.25
05-JAN-2017,FUTSTK,DABUR,25-JAN-2017,279.20
05-JAN-2017,FUTSTK,DABUR,23-FEB-2017,281.35
05-JAN-2017,FUTSTK,DABUR,30-MAR-2017,283.10
05-JAN-2017,FUTSTK,DCBBANK,25-JAN-2017,114.05
05-JAN-2017,FUTSTK,DCBBANK,23-FEB-2017,114.95
05-JAN-2017,FUTSTK,DCBBANK,30-MAR-2017,115.65
05-JAN-2017,FUTSTK,DHFL,25-JAN-2017,248.35
05-JAN-2017,FUTSTK,DHFL,23-FEB-2017,248.55
05-JAN-2017,FUTSTK,DHFL,30-MAR-2017,251.25
05-JAN-2017,FUTSTK,DISHTV,25-JAN-2017,86.75
05-JAN-2017,FUTSTK,DISHTV,23-FEB-2017,87.40
05-JAN-2017,FUTSTK,DISHTV,30-MAR-2017,87.65
05-JAN-2017,FUTSTK,DIVISLAB,25-JAN-2017,767.00
05-JAN-2017,FUTSTK,DIVISLAB,23-FEB-2017,768.50
05-JAN-2017,FUTSTK,DIVISLAB,30-MAR-2017,775.60
05-JAN-2017,FUTSTK,DLF,25-JAN-2017,127.00
05-JAN-2017,FUTSTK,DLF,23-FEB-2017,126.85
05-JAN-2017,FUTSTK,DLF,30-MAR-2017,128.60
05-JAN-2017,FUTSTK,DRREDDY,25-JAN-2017,3144.75
05-JAN-2017,FUTSTK,DRREDDY,23-FEB-2017,3152.00
05-JAN-2017,FUTSTK,DRREDDY,30-MAR-2017,3183.90
05-JAN-2017,FUTSTK,EICHERMOT,25-JAN-2017,22406.45
05-JAN-2017,FUTSTK,EICHERMOT,23-FEB-2017,22521.55
05-JAN-2017,FUTSTK,EICHERMOT,30-MAR-2017,22663.45
05-JAN-2017,FUTSTK,ENGINERSIN,25-JAN-2017,155.35
05-JAN-2017,FUTSTK,ENGINERSIN,23-FEB-2017,154.90
05-JAN-2017,FUTSTK,ENGINERSIN,30-MAR-2017,157.30
05-JAN-2017,FUTSTK,EXIDEIND,25-JAN-2017,184.50
05-JAN-2017,FUTSTK,EXIDEIND,23-FEB-2017,184.65
05-JAN-2017,FUTSTK,EXIDEIND,30-MAR-2017,187.05
05-JAN-2017,FUTSTK,FEDERALBNK,25-JAN-2017,67.80
05-JAN-2017,FUTSTK,FEDERALBNK,23-FEB-2017,68.05
05-JAN-2017,FUTSTK,FEDERALBNK,30-MAR-2017,68.55
05-JAN-2017,FUTSTK,GAIL,25-JAN-2017,442.60
05-JAN-2017,FUTSTK,GAIL,23-FEB-2017,446.10
05-JAN-2017,FUTSTK,GAIL,30-MAR-2017,448.90
05-JAN-2017,FUTSTK,GLENMARK,25-JAN-2017,901.30
05-JAN-2017,FUTSTK,GLENMARK,23-FEB-2017,905.60
05-JAN-2017,FUTSTK,GLENMARK,30-MAR-2017,911.30
05-JAN-2017,FUTSTK,GMRINFRA,25-JAN-2017,12.80
05-JAN-2017,FUTSTK,GMRINFRA,23-FEB-2017,12.85
05-JAN-2017,FUTSTK,GMRINFRA,30-MAR-2017,12.95
05-JAN-2017,FUTSTK,GODREJCP,25-JAN-2017,1531.85
05-JAN-2017,FUTSTK,GODREJCP,23-FEB-2017,1537.70
05-JAN-2017,FUTSTK,GODREJCP,30-MAR-2017,1547.35
05-JAN-2017,FUTSTK,GODREJIND,25-JAN-2017,436.45
05-JAN-2017,FUTSTK,GODREJIND,23-FEB-2017,439.00
05-JAN-2017,FUTSTK,GODREJIND,30-MAR-2017,441.80
05-JAN-2017,FUTSTK,GRANULES,25-JAN-2017,112.25
05-JAN-2017,FUTSTK,GRANULES,23-FEB-2017,112.80
05-JAN-2017,FUTSTK,GRANULES,30-MAR-2017,113.50
05-JAN-2017,FUTSTK,GRASIM,25-JAN-2017,868.75
05-JAN-2017,FUTSTK,GRASIM,23-FEB-2017,873.10
05-JAN-2017,FUTSTK,GRASIM,30-MAR-2017,878.95
05-JAN-2017,FUTSTK,HAVELLS,25-JAN-2017,359.90
05-JAN-2017,FUTSTK,HAVELLS,23-FEB-2017,360.35
05-JAN-2017,FUTSTK,HAVELLS,30-MAR-2017,365.05
05-JAN-2017,FUTSTK,HCLTECH,25-JAN-2017,843.45
05-JAN-2017,FUTSTK,HCLTECH,23-FEB-2017,843.45
05-JAN-2017,FUTSTK,HCLTECH,30-MAR-2017,857.50
05-JAN-2017,FUTSTK,HDFC,25-JAN-2017,1221.45
05-JAN-2017,FUTSTK,HDFC,23-FEB-2017,1226.45
05-JAN-2017,FUTSTK,HDFC,30-MAR-2017,1235.70
05-JAN-2017,FUTSTK,HDFCBANK,25-JAN-2017,1188.20
05-JAN-2017,FUTSTK,HDFCBANK,23-FEB-2017,1192.80
05-JAN-2017,FUTSTK,HDFCBANK,30-MAR-2017,1204.25
05-JAN-2017,FUTSTK,HDIL,25-JAN-2017,63.80
05-JAN-2017,FUTSTK,HDIL,23-FEB-2017,64.05
05-JAN-2017,FUTSTK,HDIL,30-MAR-2017,64.65
05-JAN-2017,FUTSTK,HEROMOTOCO,25-JAN-2017,3083.25
05-JAN-2017,FUTSTK,HEROMOTOCO,23-FEB-2017,3092.00
05-JAN-2017,FUTSTK,HEROMOTOCO,30-MAR-2017,3118.40
05-JAN-2017,FUTSTK,HEXAWARE,25-JAN-2017,210.15
05-JAN-2017,FUTSTK,HEXAWARE,23-FEB-2017,209.35
05-JAN-2017,FUTSTK,HEXAWARE,30-MAR-2017,212.50
05-JAN-2017,FUTSTK,HINDALCO,25-JAN-2017,162.60
05-JAN-2017,FUTSTK,HINDALCO,23-FEB-2017,163.00
05-JAN-2017,FUTSTK,HINDALCO,30-MAR-2017,164.50
05-JAN-2017,FUTSTK,HINDPETRO,25-JAN-2017,467.50
05-JAN-2017,FUTSTK,HINDPETRO,23-FEB-2017,463.50
05-JAN-2017,FUTSTK,HINDPETRO,30-MAR-2017,480.15
05-JAN-2017,FUTSTK,HINDUNILVR,25-JAN-2017,835.40
05-JAN-2017,FUTSTK,HINDUNILVR,23-FEB-2017,838.70
05-JAN-2017,FUTSTK,HINDUNILVR,30-MAR-2017,845.80
05-JAN-2017,FUTSTK,HINDZINC,25-JAN-2017,262.65
05-JAN-2017,FUTSTK,HINDZINC,23-FEB-2017,262.95
05-JAN-2017,FUTSTK,HINDZINC,30-MAR-2017,265.90
05-JAN-2017,FUTSTK,IBREALEST,25-JAN-2017,79.50
05-JAN-2017,FUTSTK,IBREALEST,23-FEB-2017,79.95
05-JAN-2017,FUTSTK,IBREALEST,30-MAR-2017,80.45
05-JAN-2017,FUTSTK,IBULHSGFIN,25-JAN-2017,656.20
05-JAN-2017,FUTSTK,IBULHSGFIN,23-FEB-2017,659.45
05-JAN-2017,FUTSTK,IBULHSGFIN,30-MAR-2017,663.60
05-JAN-2017,FUTSTK,ICICIBANK,25-JAN-2017,257.45
05-JAN-2017,FUTSTK,ICICIBANK,23-FEB-2017,258.30
05-JAN-2017,FUTSTK,ICICIBANK,30-MAR-2017,258.95
05-JAN-2017,FUTSTK,ICIL,25-JAN-2017,163.85
05-JAN-2017,FUTSTK,ICIL,23-FEB-2017,165.50
05-JAN-2017,FUTSTK,ICIL,30-MAR-2017,165.85
05-JAN-2017,FUTSTK,IDBI,25-JAN-2017,71.45
05-JAN-2017,FUTSTK,IDBI,23-FEB-2017,71.20
05-JAN-2017,FUTSTK,IDBI,30-MAR-2017,72.35
05-JAN-2017,FUTSTK,IDEA,25-JAN-2017,74.30
05-JAN-2017,FUTSTK,IDEA,23-FEB-2017,73.75
05-JAN-2017,FUTSTK,IDEA,30-MAR-2017,73.45
05-JAN-2017,FUTSTK,IDFC,25-JAN-2017,57.30
05-JAN-2017,FUTSTK,IDFC,23-FEB-2017,57.45
05-JAN-2017,FUTSTK,IDFC,30-MAR-2017,58.00
05-JAN-2017,FUTSTK,IDFCBANK,25-JAN-2017,60.90
05-JAN-2017,FUTSTK,IDFCBANK,23-FEB-2017,61.15
05-JAN-2017,FUTSTK,IDFCBANK,30-MAR-2017,61.60
05-JAN-2017,FUTSTK,IFCI,25-JAN-2017,28.10
05-JAN-2017,FUTSTK,IFCI,23-FEB-2017,28.10
05-JAN-2017,FUTSTK,IFCI,30-MAR-2017,28.40
05-JAN-2017,FUTSTK,IGL,25-JAN-2017,933.75
05-JAN-2017,FUTSTK,IGL,23-FEB-2017,934.50
05-JAN-2017,FUTSTK,IGL,30-MAR-2017,945.30
05-JAN-2017,FUTSTK,INDIACEM,25-JAN-2017,126.10
05-JAN-2017,FUTSTK,INDIACEM,23-FEB-2017,126.60
05-JAN-2017,FUTSTK,INDIACEM,30-MAR-2017,127.80
05-JAN-2017,FUTSTK,INDUSINDBK,25-JAN-2017,1127.70
05-JAN-2017,FUTSTK,INDUSINDBK,23-FEB-2017,1133.35
05-JAN-2017,FUTSTK,INDUSINDBK,30-MAR-2017,1144.70
05-JAN-2017,FUTSTK,INFRATEL,25-JAN-2017,350.50
05-JAN-2017,FUTSTK,INFRATEL,23-FEB-2017,353.20
05-JAN-2017,FUTSTK,INFRATEL,30-MAR-2017,355.45
05-JAN-2017,FUTSTK,INFY,25-JAN-2017,999.80
05-JAN-2017,FUTSTK,INFY,23-FEB-2017,1003.55
05-JAN-2017,FUTSTK,INFY,30-MAR-2017,1011.30
05-JAN-2017,FUTSTK,IOC,25-JAN-2017,348.75
05-JAN-2017,FUTSTK,IOC,23-FEB-2017,346.35
05-JAN-2017,FUTSTK,IOC,30-MAR-2017,357.90
05-JAN-2017,FUTSTK,IRB,25-JAN-2017,214.70
05-JAN-2017,FUTSTK,IRB,23-FEB-2017,214.90
05-JAN-2017,FUTSTK,IRB,30-MAR-2017,217.30
05-JAN-2017,FUTSTK,ITC,25-JAN-2017,247.25
05-JAN-2017,FUTSTK,ITC,23-FEB-2017,248.20
05-JAN-2017,FUTSTK,ITC,30-MAR-2017,250.50
05-JAN-2017,FUTSTK,JETAIRWAYS,25-JAN-2017,375.35
05-JAN-2017,FUTSTK,JETAIRWAYS,23-FEB-2017,377.10
05-JAN-2017,FUTSTK,JETAIRWAYS,30-MAR-2017,379.50
05-JAN-2017,FUTSTK,JINDALSTEL,25-JAN-2017,75.65
05-JAN-2017,FUTSTK,JINDALSTEL,23-FEB-2017,76.20
05-JAN-2017,FUTSTK,JINDALSTEL,30-MAR-2017,76.65
05-JAN-2017,FUTSTK,JISLJALEQS,25-JAN-2017,93.45
05-JAN-2017,FUTSTK,JISLJALEQS,23-FEB-2017,93.70
05-JAN-2017,FUTSTK,JISLJALEQS,30-MAR-2017,94.60
05-JAN-2017,FUTSTK,JPASSOCIAT,25-JAN-2017,10.60
05-JAN-2017,FUTSTK,JPASSOCIAT,23-FEB-2017,10.60
05-JAN-2017,FUTSTK,JPASSOCIAT,30-MAR-2017,10.65
05-JAN-2017,FUTSTK,JSWENERGY,25-JAN-2017,61.85
05-JAN-2017,FUTSTK,JSWENERGY,23-FEB-2017,62.15
05-JAN-2017,FUTSTK,JSWENERGY,30-MAR-2017,62.55
05-JAN-2017,FUTSTK,JSWSTEEL,25-JAN-2017,175.85
05-JAN-2017,FUTSTK,JSWSTEEL,23-FEB-2017,176.20
05-JAN-2017,FUTSTK,JSWSTEEL,30-MAR-2017,178.35
05-JAN-2017,FUTSTK,JUBLFOOD,25-JAN-2017,860.20
05-JAN-2017,FUTSTK,JUBLFOOD,23-FEB-2017,854.60
05-JAN-2017,FUTSTK,JUBLFOOD,30-MAR-2017,874.15
05-JAN-2017,FUTSTK,JUSTDIAL,25-JAN-2017,390.40
05-JAN-2017,FUTSTK,JUSTDIAL,23-FEB-2017,384.25
05-JAN-2017,FUTSTK,JUSTDIAL,30-MAR-2017,400.10
05-JAN-2017,FUTSTK,KOTAKBANK,25-JAN-2017,700.55
05-JAN-2017,FUTSTK,KOTAKBANK,23-FEB-2017,703.55
05-JAN-2017,FUTSTK,KOTAKBANK,30-MAR-2017,709.60
05-JAN-2017,FUTSTK,KPIT,25-JAN-2017,137.60
05-JAN-2017,FUTSTK,KPIT,23-FEB-2017,138.85
05-JAN-2017,FUTSTK,KPIT,30-MAR-2017,139.70
05-JAN-2017,FUTSTK,KSCL,25-JAN-2017,419.50
05-JAN-2017,FUTSTK,KSCL,23-FEB-2017,421.95
05-JAN-2017,FUTSTK,KSCL,30-MAR-2017,424.60
05-JAN-2017,FUTSTK,KTKBANK,25-JAN-2017,116.65
05-JAN-2017,FUTSTK,KTKBANK,23-FEB-2017,117.25
05-JAN-2017,FUTSTK,KTKBANK,30-MAR-2017,118.00
05-JAN-2017,FUTSTK,L&TFH,25-JAN-2017,93.30
05-JAN-2017,FUTSTK,L&TFH,23-FEB-2017,93.45
05-JAN-2017,FUTSTK,L&TFH,30-MAR-2017,94.80
05-JAN-2017,FUTSTK,LICHSGFIN,25-JAN-2017,524.90
05-JAN-2017,FUTSTK,LICHSGFIN,23-FEB-2017,526.30
05-JAN-2017,FUTSTK,LICHSGFIN,30-MAR-2017,531.05
05-JAN-2017,FUTSTK,LT,25-JAN-2017,1396.55
05-JAN-2017,FUTSTK,LT,23-FEB-2017,1401.30
05-JAN-2017,FUTSTK,LT,30-MAR-2017,1413.45
05-JAN-2017,FUTSTK,LUPIN,25-JAN-2017,1517.30
05-JAN-2017,FUTSTK,LUPIN,23-FEB-2017,1522.75
05-JAN-2017,FUTSTK,LUPIN,30-MAR-2017,1535.10
05-JAN-2017,FUTSTK,M&M,25-JAN-2017,1231.60
05-JAN-2017,FUTSTK,M&M,23-FEB-2017,1236.60
05-JAN-2017,FUTSTK,M&M,30-MAR-2017,1246.00
05-JAN-2017,FUTSTK,M&MFIN,25-JAN-2017,282.15
05-JAN-2017,FUTSTK,M&MFIN,23-FEB-2017,281.45
05-JAN-2017,FUTSTK,M&MFIN,30-MAR-2017,287.40
05-JAN-2017,FUTSTK,MARICO,25-JAN-2017,261.70
05-JAN-2017,FUTSTK,MARICO,23-FEB-2017,262.85
05-JAN-2017,FUTSTK,MARICO,30-MAR-2017,264.55
05-JAN-2017,FUTSTK,MARUTI,25-JAN-2017,5640.60
05-JAN-2017,FUTSTK,MARUTI,23-FEB-2017,5659.70
05-JAN-2017,FUTSTK,MARUTI,30-MAR-2017,5720.55
05-JAN-2017,FUTSTK,MCDOWELL-N,25-JAN-2017,1945.20
05-JAN-2017,FUTSTK,MCDOWELL-N,23-FEB-2017,1958.45
05-JAN-2017,FUTSTK,MCDOWELL-N,30-MAR-2017,1970.80
05-JAN-2017,FUTSTK,MCLEODRUSS,25-JAN-2017,141.15
05-JAN-2017,FUTSTK,MCLEODRUSS,23-FEB-2017,141.70
05-JAN-2017,FUTSTK,MINDTREE,25-JAN-2017,523.15
05-JAN-2017,FUTSTK,MINDTREE,23-FEB-2017,528.35
05-JAN-2017,FUTSTK,MINDTREE,30-MAR-2017,531.65
05-JAN-2017,FUTSTK,MOTHERSUMI,25-JAN-2017,329.55
05-JAN-2017,FUTSTK,MOTHERSUMI,23-FEB-2017,329.65
05-JAN-2017,FUTSTK,MOTHERSUMI,30-MAR-2017,328.50
05-JAN-2017,FUTSTK,MRF,25-JAN-2017,51795.00
05-JAN-2017,FUTSTK,MRF,23-FEB-2017,51728.35
05-JAN-2017,FUTSTK,MRF,30-MAR-2017,52496.05
05-JAN-2017,FUTSTK,NCC,25-JAN-2017,86.55
05-JAN-2017,FUTSTK,NCC,23-FEB-2017,86.90
05-JAN-2017,FUTSTK,NCC,30-MAR-2017,87.60
05-JAN-2017,FUTSTK,NHPC,25-JAN-2017,26.95
05-JAN-2017,FUTSTK,NHPC,23-FEB-2017,26.95
05-JAN-2017,FUTSTK,NHPC,30-MAR-2017,27.95
05-JAN-2017,FUTSTK,NIITTECH,25-JAN-2017,431.85
05-JAN-2017,FUTSTK,NIITTECH,23-FEB-2017,433.00
05-JAN-2017,FUTSTK,NIITTECH,30-MAR-2017,437.10
05-JAN-2017,FUTSTK,NMDC,25-JAN-2017,134.50
05-JAN-2017,FUTSTK,NMDC,23-FEB-2017,136.15
05-JAN-2017,FUTSTK,NMDC,30-MAR-2017,137.00
05-JAN-2017,FUTSTK,NTPC,25-JAN-2017,165.40
05-JAN-2017,FUTSTK,NTPC,23-FEB-2017,164.60
05-JAN-2017,FUTSTK,NTPC,30-MAR-2017,167.55
05-JAN-2017,FUTSTK,OFSS,25-JAN-2017,3227.10
05-JAN-2017,FUTSTK,OFSS,23-FEB-2017,3243.35
05-JAN-2017,FUTSTK,OFSS,30-MAR-2017,3263.80
05-JAN-2017,FUTSTK,OIL,25-JAN-2017,457.35
05-JAN-2017,FUTSTK,OIL,23-FEB-2017,471.30
05-JAN-2017,FUTSTK,OIL,30-MAR-2017,474.25
05-JAN-2017,FUTSTK,ONGC,25-JAN-2017,199.85
05-JAN-2017,FUTSTK,ONGC,23-FEB-2017,200.20
05-JAN-2017,FUTSTK,ONGC,30-MAR-2017,202.70
05-JAN-2017,FUTSTK,ORIENTBANK,25-JAN-2017,110.30
05-JAN-2017,FUTSTK,ORIENTBANK,23-FEB-2017,110.95
05-JAN-2017,FUTSTK,ORIENTBANK,30-MAR-2017,111.65
05-JAN-2017,FUTSTK,PAGEIND,25-JAN-2017,13730.15
05-JAN-2017,FUTSTK,PAGEIND,23-FEB-2017,13960.80
05-JAN-2017,FUTSTK,PAGEIND,30-MAR-2017,14048.75
05-JAN-2017,FUTSTK,PCJEWELLER,25-JAN-2017,409.10
05-JAN-2017,FUTSTK,PCJEWELLER,23-FEB-2017,397.70
05-JAN-2017,FUTSTK,PCJEWELLER,30-MAR-2017,418.05
05-JAN-2017,FUTSTK,PETRONET,25-JAN-2017,379.35
05-JAN-2017,FUTSTK,PETRONET,23-FEB-2017,381.00
05-JAN-2017,FUTSTK,PETRONET,30-MAR-2017,384.00
05-JAN-2017,FUTSTK,PFC,25-JAN-2017,126.55
05-JAN-2017,FUTSTK,PFC,23-FEB-2017,125.35
05-JAN-2017,FUTSTK,PFC,30-MAR-2017,130.45
05-JAN-2017,FUTSTK,PIDILITIND,25-JAN-2017,614.05
05-JAN-2017,FUTSTK,PIDILITIND,23-FEB-2017,617.10
05-JAN-2017,FUTSTK,PIDILITIND,30-MAR-2017,621.00
05-JAN-2017,FUTSTK,PNB,25-JAN-2017,117.55
05-JAN-2017,FUTSTK,PNB,23-FEB-2017,117.25
05-JAN-2017,FUTSTK,PNB,30-MAR-2017,119.45
05-JAN-2017,FUTSTK,POWERGRID,25-JAN-2017,190.15
05-JAN-2017,FUTSTK,POWERGRID,23-FEB-2017,189.85
05-JAN-2017,FUTSTK,POWERGRID,30-MAR-2017,193.75
05-JAN-2017,FUTSTK,PTC,25-JAN-2017,78.70
05-JAN-2017,FUTSTK,PTC,23-FEB-2017,79.00
05-JAN-2017,FUTSTK,PTC,30-MAR-2017,79.50
05-JAN-2017,FUTSTK,RCOM,25-JAN-2017,34.75
05-JAN-2017,FUTSTK,RCOM,23-FEB-2017,34.85
05-JAN-2017,FUTSTK,RCOM,30-MAR-2017,35.10
05-JAN-2017,FUTSTK,RECLTD,25-JAN-2017,127.05
05-JAN-2017,FUTSTK,RECLTD,23-FEB-2017,124.50
05-JAN-2017,FUTSTK,RECLTD,30-MAR-2017,129.35
05-JAN-2017,FUTSTK,RELCAPITAL,25-JAN-2017,446.45
05-JAN-2017,FUTSTK,RELCAPITAL,23-FEB-2017,448.50
05-JAN-2017,FUTSTK,RELCAPITAL,30-MAR-2017,451.30
05-JAN-2017,FUTSTK,RELIANCE,25-JAN-2017,1081.50
05-JAN-2017,FUTSTK,RELIANCE,23-FEB-2017,1085.75
05-JAN-2017,FUTSTK,RELIANCE,30-MAR-2017,1093.80
05-JAN-2017,FUTSTK,RELINFRA,25-JAN-2017,492.00
05-JAN-2017,FUTSTK,RELINFRA,23-FEB-2017,493.65
05-JAN-2017,FUTSTK,RELINFRA,30-MAR-2017,498.15
05-JAN-2017,FUTSTK,RPOWER,25-JAN-2017,43.45
05-JAN-2017,FUTSTK,RPOWER,23-FEB-2017,43.65
05-JAN-2017,FUTSTK,RPOWER,30-MAR-2017,44.00
05-JAN-2017,FUTSTK,SAIL,25-JAN-2017,51.65
05-JAN-2017,FUTSTK,SAIL,23-FEB-2017,51.25
05-JAN-2017,FUTSTK,SAIL,30-MAR-2017,52.75
05-JAN-2017,FUTSTK,SBIN,25-JAN-2017,246.15
05-JAN-2017,FUTSTK,SBIN,23-FEB-2017,246.65
05-JAN-2017,FUTSTK,SBIN,30-MAR-2017,249.10
05-JAN-2017,FUTSTK,SIEMENS,25-JAN-2017,1143.40
05-JAN-2017,FUTSTK,SIEMENS,23-FEB-2017,1151.75
05-JAN-2017,FUTSTK,SIEMENS,30-MAR-2017,1159.00
05-JAN-2017,FUTSTK,SINTEX,25-JAN-2017,83.05
05-JAN-2017,FUTSTK,SINTEX,23-FEB-2017,83.75
05-JAN-2017,FUTSTK,SINTEX,30-MAR-2017,84.25
05-JAN-2017,FUTSTK,SOUTHBANK,25-JAN-2017,20.45
05-JAN-2017,FUTSTK,SOUTHBANK,23-FEB-2017,20.60
05-JAN-2017,FUTSTK,SOUTHBANK,30-MAR-2017,20.75
05-JAN-2017,FUTSTK,SRF,25-JAN-2017,1590.65
05-JAN-2017,FUTSTK,SRF,23-FEB-2017,1598.50
05-JAN-2017,FUTSTK,SRF,30-MAR-2017,1608.60
05-JAN-2017,FUTSTK,SRTRANSFIN,25-JAN-2017,917.80
05-JAN-2017,FUTSTK,SRTRANSFIN,23-FEB-2017,922.95
05-JAN-2017,FUTSTK,SRTRANSFIN,30-MAR-2017,928.75
05-JAN-2017,FUTSTK,STAR,25-JAN-2017,1095.25
05-JAN-2017,FUTSTK,STAR,23-FEB-2017,1104.50
05-JAN-2017,FUTSTK,STAR,30-MAR-2017,1111.45
05-JAN-2017,FUTSTK,SUNPHARMA,25-JAN-2017,645.05
05-JAN-2017,FUTSTK,SUNPHARMA,23-FEB-2017,648.05
05-JAN-2017,FUTSTK,SUNPHARMA,30-MAR-2017,653.25
05-JAN-2017,FUTSTK,SUNTV,25-JAN-2017,534.45
05-JAN-2017,FUTSTK,SUNTV,23-FEB-2017,534.35
05-JAN-2017,FUTSTK,SUNTV,30-MAR-2017,540.35
05-JAN-2017,FUTSTK,SYNDIBANK,25-JAN-2017,62.40
05-JAN-2017,FUTSTK,SYNDIBANK,23-FEB-2017,62.45
05-JAN-2017,FUTSTK,SYNDIBANK,30-MAR-2017,63.20
05-JAN-2017,FUTSTK,TATACHEM,25-JAN-2017,510.70
05-JAN-2017,FUTSTK,TATACHEM,23-FEB-2017,512.65
05-JAN-2017,FUTSTK,TATACHEM,30-MAR-2017,515.90
05-JAN-2017,FUTSTK,TATACOMM,25-JAN-2017,639.70
05-JAN-2017,FUTSTK,TATACOMM,23-FEB-2017,636.00
05-JAN-2017,FUTSTK,TATACOMM,30-MAR-2017,647.15
05-JAN-2017,FUTSTK,TATAELXSI,25-JAN-2017,1438.30
05-JAN-2017,FUTSTK,TATAELXSI,23-FEB-2017,1445.80
05-JAN-2017,FUTSTK,TATAELXSI,30-MAR-2017,1454.90
05-JAN-2017,FUTSTK,TATAGLOBAL,25-JAN-2017,125.65
05-JAN-2017,FUTSTK,TATAGLOBAL,23-FEB-2017,125.95
05-JAN-2017,FUTSTK,TATAGLOBAL,30-MAR-2017,127.10
05-JAN-2017,FUTSTK,TATAMOTORS,25-JAN-2017,502.30
05-JAN-2017,FUTSTK,TATAMOTORS,23-FEB-2017,503.85
05-JAN-2017,FUTSTK,TATAMOTORS,30-MAR-2017,509.80
05-JAN-2017,FUTSTK,TATAMTRDVR,25-JAN-2017,323.15
05-JAN-2017,FUTSTK,TATAMTRDVR,23-FEB-2017,324.85
05-JAN-2017,FUTSTK,TATAMTRDVR,30-MAR-2017,327.90
05-JAN-2017,FUTSTK,TATAPOWER,25-JAN-2017,77.20
05-JAN-2017,FUTSTK,TATAPOWER,23-FEB-2017,77.40
05-JAN-2017,FUTSTK,TATAPOWER,30-MAR-2017,78.05
05-JAN-2017,FUTSTK,TATASTEEL,25-JAN-2017,419.85
05-JAN-2017,FUTSTK,TATASTEEL,23-FEB-2017,421.20
05-JAN-2017,FUTSTK,TATASTEEL,30-MAR-2017,425.70
05-JAN-2017,FUTSTK,TCS,25-JAN-2017,2339.05
05-JAN-2017,FUTSTK,TCS,23-FEB-2017,2345.40
05-JAN-2017,FUTSTK,TCS,30-MAR-2017,2369.90
05-JAN-2017,FUTSTK,TECHM,25-JAN-2017,490.10
05-JAN-2017,FUTSTK,TECHM,23-FEB-2017,491.95
05-JAN-2017,FUTSTK,TECHM,30-MAR-2017,495.55
05-JAN-2017,FUTSTK,TITAN,25-JAN-2017,358.65
05-JAN-2017,FUTSTK,TITAN,23-FEB-2017,358.50
05-JAN-2017,FUTSTK,TITAN,30-MAR-2017,363.50
05-JAN-2017,FUTSTK,TORNTPHARM,25-JAN-2017,1360.50
05-JAN-2017,FUTSTK,TORNTPHARM,23-FEB-2017,1369.60
05-JAN-2017,FUTSTK,TORNTPHARM,30-MAR-2017,1378.25
05-JAN-2017,FUTSTK,TORNTPOWER,25-JAN-2017,182.45
05-JAN-2017,FUTSTK,TORNTPOWER,23-FEB-2017,183.30
05-JAN-2017,FUTSTK,TORNTPOWER,30-MAR-2017,184.50
05-JAN-2017,FUTSTK,TV18BRDCST,25-JAN-2017,38.20
05-JAN-2017,FUTSTK,TV18BRDCST,23-FEB-2017,38.35
05-JAN-2017,FUTSTK,TV18BRDCST,30-MAR-2017,38.60
05-JAN-2017,FUTSTK,TVSMOTOR,25-JAN-2017,377.80
05-JAN-2017,FUTSTK,TVSMOTOR,23-FEB-2017,372.40
05-JAN-2017,FUTSTK,TVSMOTOR,30-MAR-2017,390.65
05-JAN-2017,FUTSTK,UBL,25-JAN-2017,809.50
05-JAN-2017,FUTSTK,UBL,23-FEB-2017,815.90
05-JAN-2017,FUTSTK,UBL,30-MAR-2017,821.05
05-JAN-2017,FUTSTK,ULTRACEMCO,25-JAN-2017,3373.40
05-JAN-2017,FUTSTK,ULTRACEMCO,23-FEB-2017,3371.55
05-JAN-2017,FUTSTK,ULTRACEMCO,30-MAR-2017,3434.25
05-JAN-2017,FUTSTK,UNIONBANK,25-JAN-2017,124.45
05-JAN-2017,FUTSTK,UNIONBANK,23-FEB-2017,122.45
05-JAN-2017,FUTSTK,UNIONBANK,30-MAR-2017,121.35
05-JAN-2017,FUTSTK,UPL,25-JAN-2017,675.15
05-JAN-2017,FUTSTK,UPL,23-FEB-2017,680.60
05-JAN-2017,FUTSTK,UPL,30-MAR-2017,684.85
05-JAN-2017,FUTSTK,VEDL,25-JAN-2017,227.70
05-JAN-2017,FUTSTK,VEDL,23-FEB-2017,226.90
05-JAN-2017,FUTSTK,VEDL,30-MAR-2017,231.15
05-JAN-2017,FUTSTK,VOLTAS,25-JAN-2017,341.10
05-JAN-2017,FUTSTK,VOLTAS,23-FEB-2017,336.85
05-JAN-2017,FUTSTK,VOLTAS,30-MAR-2017,349.70
05-JAN-2017,FUTSTK,WIPRO,25-JAN-2017,481.20
05-JAN-2017,FUTSTK,WIPRO,23-FEB-2017,480.15
05-JAN-2017,FUTSTK,WIPRO,30-MAR-2017,487.70
05-JAN-2017,FUTSTK,WOCKPHARMA,25-JAN-2017,675.30
05-JAN-2017,FUTSTK,WOCKPHARMA,23-FEB-2017,679.40
05-JAN-2017,FUTSTK,WOCKPHARMA,30-MAR-2017,683.70
05-JAN-2017,FUTSTK,YESBANK,25-JAN-2017,1210.90
05-JAN-2017,FUTSTK,YESBANK,23-FEB-2017,1215.55
05-JAN-2017,FUTSTK,YESBANK,30-MAR-2017,1222.20
05-JAN-2017,FUTSTK,ZEEL,25-JAN-2017,471.90
05-JAN-2017,FUTSTK,ZEEL,23-FEB-2017,469.65
05-JAN-2017,FUTSTK,ZEEL,30-MAR-2017,477.85
05-JAN-2017,OPTSTK,ABIRLANUVO,,1291.95
05-JAN-2017,OPTSTK,ACC,,1332.85
05-JAN-2017,OPTSTK,ADANIENT,,79.15
05-JAN-2017,OPTSTK,ADANIPORTS,,287.50
05-JAN-2017,OPTSTK,ADANIPOWER,,32.60
05-JAN-2017,OPTSTK,AJANTPHARM,,1789.25
05-JAN-2017,OPTSTK,ALBK,,63.05
05-JAN-2017,OPTSTK,AMARAJABAT,,920.50
05-JAN-2017,OPTSTK,AMBUJACEM,,214.35
05-JAN-2017,OPTSTK,ANDHRABANK,,48.25
05-JAN-2017,OPTSTK,APOLLOHOSP,,1207.25
05-JAN-2017,OPTSTK,APOLLOTYRE,,187.70
05-JAN-2017,OPTSTK,ARVIND,,365.70
05-JAN-2017,OPTSTK,ASHOKLEY,,83.95
05-JAN-2017,OPTSTK,ASIANPAINT,,916.50
05-JAN-2017,OPTSTK,AUROPHARMA,,686.25
05-JAN-2017,OPTSTK,AXISBANK,,458.05
05-JAN-2017,OPTSTK,BAJAJ-AUTO,,2723.35
05-JAN-2017,OPTSTK,BAJFINANCE,,899.75
05-JAN-2017,OPTSTK,BANKBARODA,,150.95
05-JAN-2017,OPTSTK,BANKINDIA,,109.55
05-JAN-2017,OPTSTK,BATAINDIA,,470.40
05-JAN-2017,OPTSTK,BEL,,1431.75
05-JAN-2017,OPTSTK,BEML,,1001.60
05-JAN-2017,OPTSTK,BHARATFIN,,637.55
05-JAN-2017,OPTSTK,BHARATFORG,,922.35
05-JAN-2017,OPTSTK,BHARTIARTL,,321.10
05-JAN-2017,OPTSTK,BHEL,,127.95
05-JAN-2017,OPTSTK,BIOCON,,946.20
05-JAN-2017,OPTSTK,BOSCHLTD,,20903.80
05-JAN-2017,OPTSTK,BPCL,,672.70
05-JAN-2017,OPTSTK,BRITANNIA,,2865.80
05-JAN-2017,OPTSTK,CADILAHC,,367.10
05-JAN-2017,OPTSTK,CAIRN,,254.10
05-JAN-2017,OPTSTK,CANBK,,266.35
05-JAN-2017,OPTSTK,CASTROLIND,,391.50
05-JAN-2017,OPTSTK,CEATLTD,,1192.40
05-JAN-2017,OPTSTK,CENTURYTEX,,836.85
05-JAN-2017,OPTSTK,CESC,,647.20
05-JAN-2017,OPTSTK,CIPLA,,579.85
05-JAN-2017,OPTSTK,COALINDIA,,308.30
05-JAN-2017,OPTSTK,COLPAL,,898.65
05-JAN-2017,OPTSTK,CONCOR,,1174.30
05-JAN-2017,OPTSTK,CROMPGREAV,,61.95
05-JAN-2017,OPTSTK,CUMMINSIND,,814.85
05-JAN-2017,OPTSTK,DABUR,,278.85
05-JAN-2017,OPTSTK,DCBBANK,,113.90
05-JAN-2017,OPTSTK,DHFL,,247.45
05-JAN-2017,OPTSTK,DISHTV,,86.30
05-JAN-2017,OPTSTK,DIVISLAB,,764.00
05-JAN-2017,OPTSTK,DLF,,126.65
05-JAN-2017,OPTSTK,DRREDDY,,3136.25
05-JAN-2017,OPTSTK,EICHERMOT,,22324.35
05-JAN-2017,OPTSTK,ENGINERSIN,,154.95
05-JAN-2017,OPTSTK,EXIDEIND,,184.25
05-JAN-2017,OPTSTK,FEDERALBNK,,67.50
05-JAN-2017,OPTSTK,GAIL,,442.15
05-JAN-2017,OPTSTK,GLENMARK,,897.65
05-JAN-2017,OPTSTK,GMRINFRA,,12.75
05-JAN-2017,OPTSTK,GODREJCP,,1524.20
05-JAN-2017,OPTSTK,GODREJIND,,435.15
05-JAN-2017,OPTSTK,GRANULES,,111.80
05-JAN-2017,OPTSTK,GRASIM,,865.80
05-JAN-2017,OPTSTK,HAVELLS,,359.55
05-JAN-2017,OPTSTK,HCLTECH,,844.65
05-JAN-2017,OPTSTK,HDFC,,1217.20
05-JAN-2017,OPTSTK,HDFCBANK,,1186.20
05-JAN-2017,OPTSTK,HDIL,,63.65
05-JAN-2017,OPTSTK,HEROMOTOCO,,3071.75
05-JAN-2017,OPTSTK,HEXAWARE,,209.30
05-JAN-2017,OPTSTK,HINDALCO,,162.00
05-JAN-2017,OPTSTK,HINDPETRO,,472.95
05-JAN-2017,OPTSTK,HINDUNILVR,,833.15
05-JAN-2017,OPTSTK,HINDZINC,,261.90
05-JAN-2017,OPTSTK,IBREALEST,,79.25
05-JAN-2017,OPTSTK,IBULHSGFIN,,653.65
05-JAN-2017,OPTSTK,ICICIBANK,,257.25
05-JAN-2017,OPTSTK,ICIL,,163.35
05-JAN-2017,OPTSTK,IDBI,,71.25
05-JAN-2017,OPTSTK,IDEA,,74.80
05-JAN-2017,OPTSTK,IDFC,,57.10
05-JAN-2017,OPTSTK,IDFCBANK,,60.65
05-JAN-2017,OPTSTK,IFCI,,27.95
05-JAN-2017,OPTSTK,IGL,,931.15
05-JAN-2017,OPTSTK,INDIACEM,,125.85
05-JAN-2017,OPTSTK,INDUSINDBK,,1127.55
05-JAN-2017,OPTSTK,INFRATEL,,350.10
05-JAN-2017,OPTSTK,INFY,,996.15
05-JAN-2017,OPTSTK,IOC,,352.55
05-JAN-2017,OPTSTK,IRB,,214.05
05-JAN-2017,OPTSTK,ITC,,246.75
05-JAN-2017,OPTSTK,JETAIRWAYS,,373.80
05-JAN-2017,OPTSTK,JINDALSTEL,,75.50
05-JAN-2017,OPTSTK,JISLJALEQS,,93.15
05-JAN-2017,OPTSTK,JPASSOCIAT,,10.55
05-JAN-2017,OPTSTK,JSWENERGY,,61.60
05-JAN-2017,OPTSTK,JSWSTEEL,,175.65
05-JAN-2017,OPTSTK,JUBLFOOD,,861.05
05-JAN-2017,OPTSTK,JUSTDIAL,,394.10
05-JAN-2017,OPTSTK,KOTAKBANK,,698.95
05-JAN-2017,OPTSTK,KPIT,,137.60
05-JAN-2017,OPTSTK,KSCL,,418.25
05-JAN-2017,OPTSTK,KTKBANK,,116.20
05-JAN-2017,OPTSTK,L&TFH,,93.35
05-JAN-2017,OPTSTK,LICHSGFIN,,523.10
05-JAN-2017,OPTSTK,LT,,1392.30
05-JAN-2017,OPTSTK,LUPIN,,1512.10
05-JAN-2017,OPTSTK,M&M,,1227.35
05-JAN-2017,OPTSTK,M&MFIN,,283.10
05-JAN-2017,OPTSTK,MARICO,,260.55
05-JAN-2017,OPTSTK,MARUTI,,5634.95
05-JAN-2017,OPTSTK,MCDOWELL-N,,1941.30
05-JAN-2017,OPTSTK,MCLEODRUSS,,140.45
05-JAN-2017,OPTSTK,MINDTREE,,523.70
05-JAN-2017,OPTSTK,MOTHERSUMI,,328.55
05-JAN-2017,OPTSTK,MRF,,51710.65
05-JAN-2017,OPTSTK,NCC,,86.25
05-JAN-2017,OPTSTK,NHPC,,27.50
05-JAN-2017,OPTSTK,NIITTECH,,430.55
05-JAN-2017,OPTSTK,NMDC,,134.95
05-JAN-2017,OPTSTK,NTPC,,165.00
05-JAN-2017,OPTSTK,OFSS,,3214.95
05-JAN-2017,OPTSTK,OIL,,467.15
05-JAN-2017,OPTSTK,ONGC,,199.65
05-JAN-2017,OPTSTK,ORIENTBANK,,109.95
05-JAN-2017,OPTSTK,PAGEIND,,13838.55
05-JAN-2017,OPTSTK,PCJEWELLER,,411.80
05-JAN-2017,OPTSTK,PETRONET,,378.25
05-JAN-2017,OPTSTK,PFC,,128.50
05-JAN-2017,OPTSTK,PIDILITIND,,611.70
05-JAN-2017,OPTSTK,PNB,,117.65
05-JAN-2017,OPTSTK,POWERGRID,,190.85
05-JAN-2017,OPTSTK,PTC,,78.30
05-JAN-2017,OPTSTK,RCOM,,34.55
05-JAN-2017,OPTSTK,RECLTD,,127.40
05-JAN-2017,OPTSTK,RELCAPITAL,,444.55
05-JAN-2017,OPTSTK,RELIANCE,,1077.40
05-JAN-2017,OPTSTK,RELINFRA,,490.70
05-JAN-2017,OPTSTK,RPOWER,,43.30
05-JAN-2017,OPTSTK,SAIL,,51.95
05-JAN-2017,OPTSTK,SBIN,,245.35
05-JAN-2017,OPTSTK,SIEMENS,,1141.65
05-JAN-2017,OPTSTK,SINTEX,,82.95
05-JAN-2017,OPTSTK,SOUTHBANK,,20.40
05-JAN-2017,OPTSTK,SRF,,1584.50
05-JAN-2017,OPTSTK,SRTRANSFIN,,914.85
05-JAN-2017,OPTSTK,STAR,,1094.80
05-JAN-2017,OPTSTK,SUNPHARMA,,643.45
05-JAN-2017,OPTSTK,SUNTV,,532.25
05-JAN-2017,OPTSTK,SYNDIBANK,,62.25
05-JAN-2017,OPTSTK,TATACHEM,,508.15
05-JAN-2017,OPTSTK,TATACOMM,,637.45
05-JAN-2017,OPTSTK,TATAELXSI,,1433.10
05-JAN-2017,OPTSTK,TATAGLOBAL,,125.20
05-JAN-2017,OPTSTK,TATAMOTORS,,502.15
05-JAN-2017,OPTSTK,TATAMTRDVR,,322.95
05-JAN-2017,OPTSTK,TATAPOWER,,76.85
05-JAN-2017,OPTSTK,TATASTEEL,,419.30
05-JAN-2017,OPTSTK,TCS,,2334.40
05-JAN-2017,OPTSTK,TECHM,,488.10
05-JAN-2017,OPTSTK,TITAN,,358.05
05-JAN-2017,OPTSTK,TORNTPHARM,,1357.60
05-JAN-2017,OPTSTK,TORNTPOWER,,181.70
05-JAN-2017,OPTSTK,TV18BRDCST,,38.00
05-JAN-2017,OPTSTK,TVSMOTOR,,384.80
05-JAN-2017,OPTSTK,UBL,,808.75
05-JAN-2017,OPTSTK,ULTRACEMCO,,3382.85
05-JAN-2017,OPTSTK,UNIONBANK,,127.90
05-JAN-2017,OPTSTK,UPL,,674.60
05-JAN-2017,OPTSTK,VEDL,,227.65
05-JAN-2017,OPTSTK,VOLTAS,,344.45
05-JAN-2017,OPTSTK,WIPRO,,480.40
05-JAN-2017,OPTSTK,WOCKPHARMA,,673.45
05-JAN-2017,OPTSTK,YESBANK,,1210.20
05-JAN-2017,OPTSTK,ZEEL,,470.70
